event,k_assets,premium_bps,ci_lo_bps,ci_hi_bps,mean_n_event,tau2,z_pool,p_perm,p_fwe,rank,bh_thresh,bh_survive
jupiter_saturn_aspect,27,15.4738166790881,9.939181220352534,21.008452137823667,698.074074074074,6.54096432473893e-07,5.479797344763428,0.0016638935108153079,0.0016638935108153079,1,0.0025000000000000005,True
mercury_retrograde,27,-9.333863274797588,-13.330642124010714,-5.337084425584462,488.55555555555554,0.0,-4.577279031139042,0.0016638935108153079,0.0016638935108153079,2,0.005000000000000001,True
venus_retrograde,27,-19.756422061993035,-28.938422090213123,-10.574422033772946,169.55555555555554,1.5611971765457864e-06,-4.217227959322131,0.0016638935108153079,0.0016638935108153079,3,0.0075,True
mercury_retrograde_flag,27,-9.333863274797588,-13.330642124010714,-5.337084425584462,488.55555555555554,0.0,-4.577279031139042,0.0016638935108153079,0.0016638935108153079,4,0.010000000000000002,True
mars_out_of_bounds,27,-6.515045686182306,-11.195396873654857,-1.8346944987097533,537.6666666666666,2.4755682228527957e-07,-2.728318673841439,0.0016638935108153079,0.07487520798668885,5,0.0125,True
jupiter_retrograde,27,4.019601711057463,0.794420651323214,7.244782770791713,779.074074074074,0.0,2.4427835857134172,0.0016638935108153079,0.1264559068219634,6,0.015,True
mars_saturn_hard_aspect,27,8.166196027656268,3.632468470914898,12.699923584397638,329.0740740740741,0.0,3.530371865950953,0.0016638935108153079,0.004991680532445923,7,0.017499999999999998,True
mercury_out_of_bounds,27,5.297893233131749,1.0021323452652395,9.593654120998258,329.14814814814815,0.0,2.417236668425318,0.02329450915141431,0.13311148086522462,8,0.020000000000000004,False
pluto_retrograde,27,-3.240895804656316,-6.864721579713187,0.38292997040055543,1116.7777777777778,1.025021484398151e-07,-1.7528866373347352,0.033277870216306155,0.5906821963394343,9,0.022500000000000003,False
moon_void_of_course,27,6.21770285656937,-0.1009437463763774,12.536349459515117,106.33333333333333,0.0,1.9286879556129215,0.04492512479201331,0.46089850249584025,10,0.025,False
pluto_out_of_bounds,27,-5.822693957841289,-13.726851354124326,2.0814634384417467,75.37037037037037,0.0,-1.4438579073255415,0.09317803660565724,0.8685524126455907,11,0.027500000000000004,False
moon_near_new,27,-5.527192933186709,-14.218464863054882,3.164078996681463,132.8148148148148,6.884256804322276e-07,-1.2464571625951033,0.15474209650582363,0.9517470881863561,12,0.03,False
venus_out_of_bounds,27,3.1562078977351082,-1.951823478189355,8.264239273659571,315.85185185185185,1.0813612279245078e-07,1.2110668522354613,0.17803660565723795,0.9633943427620633,13,0.0325,False
moon_out_of_bounds,27,1.9644456722212618,-1.9687635600527398,5.897654904495263,632.3333333333334,0.0,0.9789241533249423,0.2529118136439268,0.9983361064891847,14,0.034999999999999996,False
neptune_retrograde,27,1.3280581738835915,-1.7168960283716943,4.3730123761388775,1082.4444444444443,0.0,0.8548549002424722,0.2878535773710483,1.0,15,0.037500000000000006,False
moon_near_full,27,3.103532406227792,-3.5778643126337757,9.78492912508936,132.7037037037037,0.0,0.9104269319967773,0.3410981697171381,1.0,16,0.04000000000000001,False
uranus_retrograde,27,-1.091829713609522,-4.16833507259007,1.9846756453710253,1048.4814814814815,0.0,-0.6955899597014791,0.3594009983361065,1.0,17,0.0425,False
mars_retrograde,27,-2.3534805328651625,-8.563462157248416,3.8565010915180924,236.2962962962963,3.6446475424740626e-07,-0.7428076479813804,0.39267886855241263,1.0,18,0.045000000000000005,False
saturn_retrograde,27,-0.6151003332927929,-3.679641791847649,2.4494411252620627,932.4444444444445,0.0,-0.39340197205959704,0.6073211314475874,1.0,19,0.0475,False
eclipse_window,27,-1.0311783992011996,-8.532606042443492,6.470249244041091,94.4074074074074,0.0,-0.2694300016684265,0.7387687188019967,1.0,20,0.05,False
