feature,k_assets,mu_rho,ci_lo_rho,ci_hi_rho,tau2,z_pool,abs_z,p_perm,p_fwe,rank,bh_thresh,bh_pass,bh_survive
jupiter_saturn_aspect,27,0.025216600718380763,0.017781140485222814,0.03264927197049286,0.0,6.645444763087766,6.645444763087766,0.0024937655860349127,0.0024937655860349127,1,0.000462962962962963,False,True
mercury_decl_deg,27,-0.009090355458035273,-0.016528033450735294,-0.0016516715064527061,0.0,-2.395180577606946,2.395180577606946,0.0024937655860349127,0.516209476309227,2,0.000925925925925926,False,True
moon_near_new,27,-0.01957742560563772,-0.027037560313413894,-0.012115110316335623,2.599272559163745e-06,-5.141412730376455,5.141412730376455,0.0024937655860349127,0.004987531172069825,3,0.001388888888888889,False,True
mercury_speed_deg,27,0.02153585286293635,0.014099315944996974,0.028970007484070064,0.0,5.675114947542507,5.675114947542507,0.0024937655860349127,0.004987531172069825,4,0.001851851851851852,False,True
pluto_retrograde,27,-0.010315649258155488,-0.017753082597241253,-0.002877074393604198,0.0,-2.718049774209105,2.718049774209105,0.0024937655860349127,0.23192019950124687,5,0.0023148148148148147,False,True
mercury_retrograde_flag,27,-0.016058440233289988,-0.023494429335290647,-0.0086206743801208,0.0,-4.23141993277788,4.23141993277788,0.0024937655860349127,0.004987531172069825,6,0.002777777777777778,True,True
jupiter_retrograde,27,0.010281094422114029,0.0028425161750446014,0.017718534966731987,0.0,2.708944346902421,2.708944346902421,0.0024937655860349127,0.24688279301745636,7,0.0032407407407407406,True,True
mars_out_of_bounds,27,-0.014667421424411561,-0.022103805363260575,-0.007229414571267725,0.0,-3.8648295905772208,3.8648295905772208,0.0024937655860349127,0.007481296758104738,8,0.003703703703703704,True,True
venus_retrograde,27,-0.02000480102785401,-0.027439513348989083,-0.012567875634119485,0.0,-5.271541290803678,5.271541290803678,0.0024937655860349127,0.004987531172069825,9,0.004166666666666667,True,True
mars_helio_lon_deg__cos,27,-0.010476905792899983,-0.01791430527121771,-0.0030383469484230197,0.0,-2.7605420213555885,2.7605420213555885,0.0024937655860349127,0.22194513715710723,10,0.004629629629629629,True,True
moon_illum_frac,27,0.019071940017981296,0.011634795032945375,0.026506975053163455,0.0,5.02565844640128,5.02565844640128,0.0024937655860349127,0.004987531172069825,11,0.005092592592592593,True,True
mercury_retrograde,27,-0.016058440233289988,-0.023494429335290647,-0.0086206743801208,0.0,-4.23141993277788,4.23141993277788,0.0024937655860349127,0.004987531172069825,12,0.005555555555555556,True,True
harmonic_8_count,27,0.01440245737712728,0.006964407882705519,0.021838913262601185,0.0,3.795002468201924,3.795002468201924,0.0024937655860349127,0.007481296758104738,13,0.0060185185185185185,True,True
harmonic_6_count,27,0.017697978994732407,0.010260534171224151,0.025133465772270245,0.0,4.663526588197973,4.663526588197973,0.0024937655860349127,0.004987531172069825,14,0.006481481481481481,True,True
mars_saturn_hard_aspect,27,0.015023158595211712,0.007585210634657189,0.02245944429758366,0.0,3.9585794025857903,3.9585794025857903,0.0024937655860349127,0.004987531172069825,15,0.006944444444444445,True,True
moon_decl_deg,27,-0.040709809480918686,-0.04923588664771901,-0.03217779964646007,0.0001222683029865838,-9.344671510049865,9.344671510049865,0.0024937655860349127,0.0024937655860349127,16,0.007407407407407408,True,True
mercury_lon_deg__sin,27,-0.0098125384121695,-0.01725007490913069,-0.0023739160527835286,0.0,-2.5854773762357626,2.5854773762357626,0.0024937655860349127,0.341645885286783,17,0.007870370370370371,True,True
moon_node_lon_deg__sin,27,0.012927046206663545,0.005488778376924664,0.02036388362166443,0.0,3.40619045034951,3.40619045034951,0.0024937655860349127,0.03740648379052369,18,0.008333333333333333,True,True
moon_lon_deg__sin,27,-0.039897342432702466,-0.04858604101299987,-0.031202606076737218,0.00014174463003828613,-8.987155480418785,8.987155480418785,0.0024937655860349127,0.0024937655860349127,19,0.008796296296296297,True,True
mars_helio_lon_deg__sin,27,0.013995197933295045,0.0065570849347217335,0.0214317623676167,0.0,3.687676659885517,3.687676659885517,0.0024937655860349127,0.012468827930174564,20,0.009259259259259259,True,True
harmonic_4_count,27,0.016423359351046767,0.008985661489684839,0.023859240107101807,0.0,4.327593698489411,4.327593698489411,0.0024937655860349127,0.004987531172069825,21,0.009722222222222222,True,True
venus_helio_lon_deg__sin,27,-0.015842909660561438,-0.023968777604004128,-0.007714948446658787,7.431546660195024e-05,-3.8201734509708847,3.8201734509708847,0.0024937655860349127,0.007481296758104738,22,0.010185185185185186,True,True
aspect_tightness_stress,27,0.01971585173110798,0.012278856935428751,0.027150665394761176,0.0,5.195379278324844,5.195379278324844,0.0024937655860349127,0.004987531172069825,23,0.01064814814814815,True,True
hard_aspect_count,27,0.014961572112431407,0.007523613821386254,0.022397874956558084,0.0,3.942349031006104,3.942349031006104,0.0024937655860349127,0.007481296758104738,24,0.011111111111111112,True,True
aspect_trine_count_tight,27,-0.012375352590174379,-0.02009071453858346,-0.004658516804078498,2.9143606491030725e-05,-3.143134070453446,3.143134070453446,0.0024937655860349127,0.07231920199501247,25,0.011574074074074075,True,True
aspect_opposition_count_tight,27,0.019556311024415556,0.01211927844155753,0.026991180111411876,0.0,5.153327493769225,5.153327493769225,0.0024937655860349127,0.004987531172069825,26,0.012037037037037037,True,True
hard_aspect_count_tight,27,0.015911635221954587,0.008473842575044504,0.023347667352352712,0.0,4.192730060139841,4.192730060139841,0.0024937655860349127,0.004987531172069825,27,0.0125,True,True
aspect_tightness_stress_tight,27,0.015435489572494517,0.007997612230196256,0.022871659055131353,0.0,4.067245017219617,4.067245017219617,0.0024937655860349127,0.004987531172069825,28,0.012962962962962963,True,True
harmonic_2_count,27,0.021651313416920424,0.01421480720969475,0.029085424567037554,0.0,5.705550530275926,5.705550530275926,0.0024937655860349127,0.004987531172069825,29,0.013425925925925928,True,True
aspect_conjunction_count_tight,27,0.018297816581954927,0.01086049920513202,0.02573310959247857,0.0,4.821622202791952,4.821622202791952,0.0024937655860349127,0.004987531172069825,30,0.01388888888888889,True,True
venus_speed_deg,27,0.00886218714366426,0.0014234853457595895,0.016299908228280462,0.0,2.3350582532094206,2.3350582532094206,0.004987531172069825,0.5586034912718204,31,0.014351851851851852,True,True
mars_speed_deg,27,-0.010094278655264511,-0.017531757848011167,-0.0026556824287842008,0.0,-2.659717271131662,2.659717271131662,0.004987531172069825,0.28428927680798005,32,0.014814814814814815,True,True
aspect_trine_count,27,-0.010049428986485283,-0.01748691738038708,-0.0026108285209132578,0.0,-2.6478991420046833,2.6478991420046833,0.007481296758104738,0.2942643391521197,33,0.015277777777777779,True,True
aspect_opposition_count,27,0.010860824315024924,0.002405347778526001,0.019314747962481553,0.00011193099984631014,2.5175386788389966,2.5175386788389966,0.00997506234413965,0.3915211970074813,34,0.015740740740740743,True,True
mars_decl_deg,27,0.009224584143404983,0.0017859110525063249,0.016662236423886898,0.0,2.4305499367738403,2.4305499367738403,0.00997506234413965,0.4837905236907731,35,0.016203703703703703,True,True
venus_decl_deg,27,-0.00894780009270217,-0.01653633846327556,-0.0013582309651208318,1.564598422291358e-05,-2.3107512501369896,2.3107512501369896,0.017456359102244388,0.5685785536159601,36,0.016666666666666666,False,True
sun_decl_deg,27,-0.007631987855258759,-0.015069927933035937,-0.00019320318419280527,0.0,-2.01090491514471,2.01090491514471,0.017456359102244388,0.8703241895261845,37,0.01712962962962963,False,True
mars_retrograde,27,-0.008016082035166915,-0.015453956155573066,-0.00057732082105392,0.0,-2.1121117285369544,2.1121117285369544,0.017456359102244388,0.7605985037406484,38,0.017592592592592594,True,True
sun_lon_deg__sin,27,-0.00758263318758816,-0.01502058158154139,-0.00014384566154615193,0.0,-1.9979002612453272,1.9979002612453272,0.0199501246882793,0.8778054862842892,39,0.018055555555555557,False,False
mars_lon_deg__sin,27,0.008030546341869758,0.0005917860539929631,0.015468417935564324,0.0,2.115923009913351,2.115923009913351,0.022443890274314215,0.7556109725685786,40,0.018518518518518517,False,False
venus_lon_deg__sin,27,-0.008398690545373092,-0.015868198908425737,-0.0009282448129814014,3.260447788639929e-06,-2.203534641960697,2.203534641960697,0.022443890274314215,0.7007481296758105,41,0.018981481481481485,False,False
jupiter_decl_deg,27,-0.008352019889683024,-0.015789834523292523,-0.000913280991138239,0.0,-2.200630111240572,2.200630111240572,0.022443890274314215,0.7007481296758105,42,0.019444444444444445,False,False
moon_out_of_bounds,27,0.0093445057984208,0.001905842637353223,0.01678213488061092,0.0,2.462149456773628,2.462149456773628,0.02493765586034913,0.4463840399002494,43,0.01990740740740741,False,False
neptune_retrograde,27,0.006904053547672641,-0.0007879473404031664,0.01459523750099347,2.6446377011467385e-05,1.7592258358048802,1.7592258358048802,0.03740648379052369,0.9650872817955112,44,0.020370370370370372,False,False
aspect_sextile_count_tight,27,0.0076398602195465164,0.0002010760072179482,0.01507779896749343,0.0,2.012979236022544,2.012979236022544,0.04239401496259352,0.8678304239401496,45,0.020833333333333336,False,False
jupiter_speed_deg,27,-0.005258894038496661,-0.012697192966115519,0.0021799868819883978,0.0,-1.3856190853169867,1.3856190853169867,0.04738154613466334,1.0,46,0.0212962962962963,False,False
moon_void_of_course,27,0.007636750474320084,0.00019796608067066272,0.015074689747687352,0.0,2.012159836735779,2.012159836735779,0.05486284289276808,0.8703241895261845,47,0.02175925925925926,False,False
aspect_square_count,27,0.006869563028227118,-0.0005692617015232218,0.014307627529962237,0.0,1.810011678110284,1.810011678110284,0.057356608478802994,0.9576059850374065,48,0.022222222222222223,False,False
jupiter_lon_deg__sin,27,-0.006906904358883738,-0.014344962968065035,0.0005319186103404519,0.0,-1.8198507884162647,1.8198507884162647,0.059850374064837904,0.9551122194513716,49,0.022685185185185187,False,False
mercury_helio_lon_deg__sin,27,0.006449328068849899,-0.0009895150431166626,0.013887457454586844,0.0,1.6992838253255045,1.6992838253255045,0.06733167082294264,0.9800498753117207,50,0.02314814814814815,False,False
sun_speed_deg,27,0.005994300747853821,-0.0014445593053433313,0.013432497427463766,0.0,1.5793891969109615,1.5793891969109615,0.06733167082294264,0.9925187032418953,51,0.02361111111111111,False,False
mercury_out_of_bounds,27,0.006887268923604654,-0.0005515549739549252,0.014325330633891584,0.0,1.8146770242846115,1.8146770242846115,0.06982543640897755,0.9551122194513716,52,0.024074074074074074,False,False
pluto_out_of_bounds,27,-0.00647533961415001,-0.013913465059986077,0.0009635024362881545,0.0,-1.7061375984406713,1.7061375984406713,0.0798004987531172,0.9800498753117207,53,0.024537037037037038,False,False
jupiter_helio_lon_deg__sin,27,-0.006447490220985365,-0.013885619884715664,0.0009913529656027991,0.0,-1.6987995715115516,1.6987995715115516,0.08977556109725686,0.9800498753117207,54,0.025,False,False
mercury_helio_lon_deg__cos,27,0.005372230422104768,-0.0020666478069362687,0.012810514116250967,0.0,1.4154816466844256,1.4154816466844256,0.09725685785536159,1.0,55,0.025462962962962965,False,False
pluto_speed_deg,27,0.0055072121438111115,-0.0019316626304127765,0.012945477445855412,0.0,1.4510475012167816,1.4510475012167816,0.10224438902743142,1.0,56,0.025925925925925925,False,False
uranus_speed_deg,27,-0.004939227160922601,-0.012377568025289096,0.00249966032110192,0.0,-1.3013914966910458,1.3013914966910458,0.12219451371571072,1.0,57,0.026388888888888892,False,False
venus_helio_lon_deg__cos,27,0.005727276896306588,-0.001711591664168549,0.013165511632042045,0.0,1.509031695366652,1.509031695366652,0.12718204488778054,0.9950124688279302,58,0.026851851851851856,False,False
aspect_square_count_tight,27,0.005105838238341075,-0.0023330460135009713,0.01254415743484585,0.0,1.3452910662634936,1.3452910662634936,0.12967581047381546,1.0,59,0.027314814814814816,False,False
neptune_lon_deg__cos,27,-0.008835387155308082,-0.017852968148971013,0.00018363110981684238,0.00018041897146481604,-1.9200945697650305,1.9200945697650305,0.1396508728179551,0.9102244389027432,60,0.02777777777777778,False,False
mercury_lon_deg__cos,27,0.004791183016281772,-0.0026477069894182085,0.01222954278740724,0.0,1.2623841016564754,1.2623841016564754,0.14463840399002495,1.0,61,0.02824074074074074,False,False
jupiter_lon_deg__cos,27,0.005330492716269788,-0.0021083865261643346,0.012768782042580971,0.0,1.4044843372858609,1.4044843372858609,0.15211970074812967,1.0,62,0.028703703703703703,False,False
venus_out_of_bounds,27,-0.004624577209956997,-0.01206295786845931,0.0028143152458545502,0.0,-1.2184860553457548,1.2184860553457548,0.1571072319201995,1.0,63,0.02916666666666667,False,False
soft_aspect_count_tight,27,0.004958141817409906,-0.0024807453186879436,0.012396480242692734,0.0,1.3063752269323214,1.3063752269323214,0.16708229426433915,1.0,64,0.02962962962962963,False,False
pluto_lon_deg__sin,27,-0.007143796058547174,-0.01600221478669396,0.0017157440387155682,0.00016055182568390223,-1.5804300887978986,1.5804300887978986,0.2119700748129676,0.9925187032418953,65,0.030092592592592594,False,False
bradley_siderograph,27,-0.004542200558879141,-0.011980591392397663,0.0028966929557870543,0.0,-1.1967811103949253,1.1967811103949253,0.2119700748129676,1.0,66,0.030555555555555558,False,False
pluto_lon_deg__cos,27,-0.007143796058547174,-0.01600221478669396,0.0017157440387155682,0.00016055182568390223,-1.5804300887978986,1.5804300887978986,0.2119700748129676,0.9925187032418953,67,0.031018518518518518,False,False
neptune_decl_deg,27,-0.006830848826825629,-0.015251996479617221,0.0015912678118903748,0.00010798272551571115,-1.5896836252265778,1.5896836252265778,0.2144638403990025,0.9925187032418953,68,0.031481481481481485,False,False
venus_lon_deg__cos,27,-0.003855720805707988,-0.011294192506343321,0.0035831776064536025,0.0,-1.0159051543052353,1.0159051543052353,0.22194513715710723,1.0,69,0.03194444444444444,False,False
moon_perigee_apogee_prox,27,-0.004198177066750099,-0.011636609302392931,0.0032407197786747215,0.0,-1.1061365323973367,1.1061365323973367,0.23940149625935161,1.0,70,0.032407407407407406,False,False
moon_distance_km,27,-0.004198177066750099,-0.011636609302392931,0.0032407197786747215,0.0,-1.1061365323973367,1.1061365323973367,0.23940149625935161,1.0,71,0.032870370370370376,False,False
neptune_lon_deg__sin,27,-0.006453981701608446,-0.014810246668665572,0.0019031847267118203,0.00010041221625101601,-1.513651877613841,1.513651877613841,0.24438902743142144,0.9950124688279302,72,0.03333333333333333,False,False
mars_lon_deg__cos,27,-0.0041539894480086895,-0.01159242687390304,0.0032849076976195824,0.0,-1.0944938351345606,1.0944938351345606,0.2543640897755611,1.0,73,0.033796296296296297,False,False
jupiter_helio_lon_deg__cos,27,0.004091611267712383,-0.0033472862522526915,0.011530055971069642,0.0,1.0780582369138205,1.0780582369138205,0.256857855361596,1.0,74,0.03425925925925926,False,False
eclipse_window,27,-0.0041488860164093245,-0.01158732403987875,0.003290011162019501,0.0,-1.0931491666821598,1.0931491666821598,0.26433915211970077,1.0,75,0.034722222222222224,False,False
saturn_lon_deg__cos,27,-0.006346480812833463,-0.014990302699170064,0.0022982895787374094,0.00013439144259363037,-1.438920920721291,1.438920920721291,0.26683291770573564,1.0,76,0.03518518518518519,False,False
uranus_lon_deg__sin,27,-0.005718018365700451,-0.013634713058596181,0.0021993931583248346,5.078212519904556e-05,-1.4155314364697922,1.4155314364697922,0.28428927680798005,1.0,77,0.035648148148148144,False,False
uranus_lon_deg__cos,27,0.005718018365700451,-0.0021993931583248346,0.013634713058596181,5.078212519904556e-05,1.4155314364697922,1.4155314364697922,0.28428927680798005,1.0,78,0.036111111111111115,False,False
uranus_decl_deg,27,-0.005739082200133379,-0.013675806279347913,0.0021983649965894546,5.298179913161822e-05,-1.4171597012828898,1.4171597012828898,0.286783042394015,1.0,79,0.03657407407407408,False,False
aspect_conjunction_count,27,0.005415761506460798,-0.00412231234482951,0.014952850034435076,0.00024755420222243734,1.112898849887614,1.112898849887614,0.29177057356608477,1.0,80,0.037037037037037035,False,False
saturn_decl_deg,27,-0.005118268644866447,-0.013636085737552282,0.003400291225662121,0.000119328502736039,-1.1776434316048563,1.1776434316048563,0.30174563591022446,1.0,81,0.037500000000000006,False,False
uranus_retrograde,27,-0.0029448093021962954,-0.010383377485397841,0.004494084784232951,0.0,-0.7758966278442248,0.7758966278442248,0.33915211970074816,1.0,82,0.03796296296296297,False,False
saturn_lon_deg__sin,27,-0.005275772789177519,-0.013940472001335307,0.003389718695985167,0.0001368826167752323,-1.1933006594210083,1.1933006594210083,0.3541147132169576,1.0,83,0.038425925925925926,False,False
uranus_helio_lon_deg__cos,27,0.005518877061865103,-0.0027653962848170955,0.013802392942670464,9.198772300823286e-05,1.3057302727979716,1.3057302727979716,0.3640897755610973,1.0,84,0.03888888888888889,False,False
neptune_helio_lon_deg__sin,27,-0.005518877061865103,-0.013802392942670464,0.0027653962848170955,9.198772300823286e-05,-1.3057302727979716,1.3057302727979716,0.3640897755610973,1.0,85,0.03935185185185186,False,False
pluto_helio_lon_deg__sin,27,-0.005518877061865103,-0.013802392942670464,0.0027653962848170955,9.198772300823286e-05,-1.3057302727979716,1.3057302727979716,0.3640897755610973,1.0,86,0.03981481481481482,False,False
pluto_helio_lon_deg__cos,27,-0.005518877061865103,-0.013802392942670464,0.0027653962848170955,9.198772300823286e-05,-1.3057302727979716,1.3057302727979716,0.3640897755610973,1.0,87,0.04027777777777778,False,False
uranus_helio_lon_deg__sin,27,-0.005518877061865103,-0.013802392942670464,0.0027653962848170955,9.198772300823286e-05,-1.3057302727979716,1.3057302727979716,0.3640897755610973,1.0,88,0.040740740740740744,False,False
saturn_helio_lon_deg__cos,27,-0.005129277405043529,-0.013418679286944207,0.003160829463573421,9.265793589882032e-05,-1.2126990307851657,1.2126990307851657,0.4114713216957606,1.0,89,0.04120370370370371,False,False
saturn_helio_lon_deg__sin,27,-0.004554429890537061,-0.013148505157668147,0.004040318206568155,0.00012839096805005072,-1.038621337758376,1.038621337758376,0.4389027431421446,1.0,90,0.04166666666666667,False,False
moon_speed_deg,27,0.0023815835922321115,-0.005057301643249818,0.009820205256111108,0.0,0.6274976206148168,0.6274976206148168,0.49875311720698257,1.0,91,0.04212962962962963,False,False
moon_days_to_full,27,0.0021485528246083857,-0.005290327368569207,0.009587195235618011,0.0,0.5660986728259677,0.5660986728259677,0.5660847880299252,1.0,92,0.0425925925925926,False,False
moon_near_full,27,0.0021838828640964245,-0.005254998145508256,0.00962252218156462,0.0,0.5754074276836759,0.5754074276836759,0.5685785536159601,1.0,93,0.04305555555555556,False,False
neptune_speed_deg,27,0.0015789988129741727,-0.005859865655877123,0.009017688532313266,0.0,0.41603282432944444,0.41603282432944444,0.6384039900249376,1.0,94,0.04351851851851852,False,False
neptune_helio_lon_deg__cos,27,-0.0027471134934372765,-0.010388134019191893,0.004894227829718054,2.1072115564031503e-05,-0.7046306870475271,0.7046306870475271,0.6408977556109726,1.0,95,0.04398148148148148,False,False
soft_aspect_count,27,-0.0016872763339447568,-0.009125957431031544,0.005751591495778946,0.0,-0.44456171570277403,0.44456171570277403,0.6508728179551122,1.0,96,0.044444444444444446,False,False
moon_days_to_new,27,0.0015748905370172029,-0.00601179540267256,0.00916139518610923,1.532662922656725e-05,0.40686513601943186,0.40686513601943186,0.655860349127182,1.0,97,0.04490740740740741,False,False
moon_synodic_age,27,-0.0014651765412281564,-0.009035133317649678,0.006104948160951619,1.3593826079606302e-05,-0.3793489564319459,0.3793489564319459,0.6807980049875312,1.0,98,0.04537037037037037,False,False
harmonic_5_count,27,-0.0016739608717536486,-0.01085245008890643,0.007504810399400106,0.00020066373678360663,-0.35744604076900194,0.35744604076900194,0.6957605985037406,1.0,99,0.04583333333333334,False,False
days_to_next_eclipse,27,0.0013601263049495362,-0.006078730837586647,0.008798832920734679,0.0,0.3583644662084461,0.3583644662084461,0.7032418952618454,1.0,100,0.0462962962962963,False,False
saturn_retrograde,27,-0.0012696089241552879,-0.008708322319364031,0.006169244980174732,0.0,-0.3345150274954417,0.3345150274954417,0.7057356608478803,1.0,101,0.046759259259259264,False,False
saturn_speed_deg,27,0.0010459607020005038,-0.0063928846787913215,0.008484690325024375,0.0,0.27558841619053637,0.27558841619053637,0.7381546134663342,1.0,102,0.04722222222222222,False,False
sun_lon_deg__cos,27,0.0008911792516044156,-0.006547659794550126,0.008329919669816489,0.0,0.23480676996330205,0.23480676996330205,0.7855361596009975,1.0,103,0.04768518518518519,False,False
moon_node_lon_deg__cos,27,-0.001437226742548656,-0.008875927487664236,0.006001633062078249,0.0,-0.3786788253178951,0.3786788253178951,0.7855361596009975,1.0,104,0.04814814814814815,False,False
moon_lon_deg__cos,27,0.0009928849275566672,-0.0064459583211923755,0.008431618292487642,0.0,0.26160406815609777,0.26160406815609777,0.800498753117207,1.0,105,0.04861111111111111,False,False
harmonic_3_count,27,0.0003778062545113298,-0.007061009229666374,0.007816579926362567,0.0,0.09954388734920268,0.09954388734920268,0.9052369077306733,1.0,106,0.049074074074074076,False,False
pluto_decl_deg,27,-0.0003770095428734143,-0.007815783263284437,0.007061805901690952,0.0,-0.09933397081100247,0.09933397081100247,0.9301745635910225,1.0,107,0.04953703703703704,False,False
aspect_sextile_count,27,-0.0002925666426781354,-0.0077313454563662665,0.007146244549755794,0.0,-0.0770850667992064,0.0770850667992064,0.9326683291770573,1.0,108,0.05,False,False
