group,horizon,pctl,n,n_storm,obs_bps,null_sd_bps,p_perm,net_bps
crypto_EW,1,90,3141,1083,-23.44,16.69,0.1423,13.44
crypto_EW,3,90,3139,1082,-53.09,46.33,0.2543,43.09
equity_EW,1,95,2598,587,4.76,4.2,0.2583,-5.24
equity_EW,3,95,2596,587,12.93,11.55,0.2617,2.93
crypto_EW,5,90,3137,1080,-80.81,73.37,0.2787,70.81
equity_EW,5,95,2594,587,15.49,17.87,0.406,5.49
crypto_EW,1,85,3141,1416,-11.27,16.18,0.4777,1.27
equity_EW,5,85,2594,1252,11.15,15.72,0.479,1.15
equity_EW,1,85,2598,1252,2.27,3.64,0.549,-7.73
equity_EW,3,85,2596,1252,6.46,10.41,0.556,-3.54
equity_EW,5,90,2594,975,6.43,16.27,0.703,-3.57
crypto_EW,1,95,3141,701,5.78,18.83,0.76,-4.22
equity_EW,1,90,2598,975,1.2,3.82,0.7727,-8.8
crypto_EW,3,95,3139,701,-10.93,52.07,0.8137,0.93
crypto_EW,3,85,3139,1414,-10.01,43.88,0.8233,0.01
crypto_EW,5,95,3137,699,-13.85,78.61,0.843,3.85
equity_EW,3,90,2596,975,1.92,10.55,0.8643,-8.08
crypto_EW,5,85,3137,1412,2.1,68.75,0.9837,-7.9
