asset,klass,horizon,pctl,n,n_storm,obs_bps,null_mean_bps,null_sd_bps,p_perm,p_block,net_bps,fdr_pass
XLE,equity,5,85,2595,1252,68.99,-0.78,30.54,0.0145,0.0133,58.99,False
DOTUSDT,crypto,1,85,2126,988,-60.76,0.61,24.37,0.016,0.0067,50.76,False
DOTUSDT,crypto,3,85,2124,987,-155.32,-0.69,67.27,0.018,0.01,145.32,False
DOTUSDT,crypto,5,85,2122,985,-238.37,-2.56,104.26,0.02,0.0083,228.37,False
XLE,equity,3,85,2597,1252,40.22,-0.33,19.35,0.0235,0.03,30.22,False
GLD,equity,5,95,2595,587,35.73,0.11,17.27,0.034,0.0683,25.73,False
LINKUSDT,crypto,1,90,2706,951,-41.81,-0.33,21.32,0.0475,0.0617,31.81,False
TLT,equity,5,85,2595,1252,-30.35,0.2,15.4,0.0515,0.02,20.35,False
AVAXUSDT,crypto,1,85,2091,981,-57.04,-0.73,29.78,0.054,0.035,47.04,False
DOGEUSDT,crypto,3,85,2534,1126,-160.97,-1.57,88.79,0.0565,0.025,150.97,False
SLV,equity,1,95,2599,587,17.13,-0.05,8.98,0.0575,0.055,7.13,False
TLT,equity,3,85,2597,1252,-17.93,0.29,9.45,0.0595,0.0483,7.93,False
LINKUSDT,crypto,5,90,2702,949,-169.68,0.58,88.39,0.0595,0.0583,159.68,False
LINKUSDT,crypto,3,90,2704,951,-109.26,2.88,57.14,0.062,0.0617,99.26,False
SLV,equity,5,95,2595,587,70.08,-0.56,38.05,0.0675,0.0617,60.08,False
XLE,equity,1,85,2599,1252,12.6,0.07,7.03,0.069,0.095,2.6,False
SLV,equity,3,95,2597,587,45.22,-0.52,24.69,0.0695,0.08,35.22,False
DOTUSDT,crypto,5,90,2122,798,-197.36,2.2,106.71,0.072,0.0217,187.36,False
DOGEUSDT,crypto,3,90,2534,903,-154.62,1.72,86.34,0.0725,0.0367,144.62,False
DOGEUSDT,crypto,5,85,2532,1124,-250.24,-5.84,142.44,0.074,0.0267,240.24,False
DOGEUSDT,crypto,1,85,2536,1127,-51.87,0.07,31.12,0.0755,0.0617,41.87,False
SOLUSDT,crypto,1,85,2133,988,-51.63,0.72,30.19,0.0755,0.0483,41.63,False
DOGEUSDT,crypto,5,90,2532,901,-246.89,1.33,136.62,0.076,0.0333,236.89,False
DOTUSDT,crypto,3,90,2124,800,-120.11,0.8,69.06,0.0875,0.0633,110.11,False
AVAXUSDT,crypto,3,85,2089,980,-136.92,0.84,81.45,0.093,0.0683,126.92,False
TLT,equity,3,90,2597,975,-16.16,0.31,9.68,0.093,0.085,6.16,False
GLD,equity,1,95,2599,587,7.22,-0.03,4.35,0.096,0.1283,-2.78,False
BCHUSDT,crypto,1,90,2390,864,-32.79,0.56,20.16,0.1025,0.1117,22.79,False
GLD,equity,3,95,2597,587,17.36,-0.29,11.34,0.1035,0.175,7.36,False
XLE,equity,3,90,2597,975,31.05,0.07,19.83,0.104,0.1117,21.05,False
XLE,equity,5,90,2595,975,50.04,0.61,31.72,0.1095,0.1183,40.04,False
AVAXUSDT,crypto,5,85,2087,978,-207.93,5.27,132.12,0.122,0.07,197.93,False
LINKUSDT,crypto,3,95,2704,587,-106.35,1.61,70.56,0.126,0.1083,96.35,False
DOGEUSDT,crypto,1,90,2536,903,-44.17,0.35,29.32,0.131,0.1317,34.17,False
LINKUSDT,crypto,1,85,2706,1207,-31.01,-0.12,20.54,0.1315,0.1567,21.01,False
DOGEUSDT,crypto,5,95,2532,560,-220.92,1.79,147.47,0.133,0.075,210.92,False
SOLUSDT,crypto,5,85,2129,985,-215.53,0.79,141.52,0.135,0.0417,205.53,False
DOGEUSDT,crypto,3,95,2534,560,-141.5,-0.91,94.7,0.137,0.0983,131.5,False
LINKUSDT,crypto,5,95,2702,585,-161.98,1.71,109.32,0.139,0.11,151.98,False
AVAXUSDT,crypto,5,90,2087,792,-203.15,0.28,135.19,0.14,0.07,193.15,False
TLT,equity,5,90,2595,975,-22.21,-0.51,15.25,0.144,0.1233,12.21,False
XLE,equity,1,90,2599,975,10.53,0.29,7.19,0.1445,0.1733,0.53,False
BNBUSDT,crypto,1,90,3142,1083,-26.23,-0.14,18.49,0.1465,0.1983,16.23,False
BCHUSDT,crypto,1,85,2390,1087,-29.05,-0.4,19.95,0.147,0.12,19.05,False
SOLUSDT,crypto,5,90,2129,798,-201.56,4.03,136.17,0.1475,0.0567,191.56,False
TLT,equity,1,85,2599,1252,-5.27,0.01,3.66,0.1495,0.1383,-4.73,False
SOLUSDT,crypto,3,85,2131,987,-127.81,-1.86,87.31,0.153,0.0617,117.81,False
DOTUSDT,crypto,1,90,2126,800,-35.39,-0.07,25.06,0.1585,0.125,25.39,False
LTCUSDT,crypto,1,90,3105,1067,-23.4,0.4,16.98,0.161,0.195,13.4,False
BTCUSDT,crypto,3,90,3221,1128,-44.46,-1.78,34.26,0.1705,0.1967,34.46,False
ADAUSDT,crypto,5,90,2976,1040,-139.18,-2.41,98.13,0.1755,0.105,129.18,False
BTCUSDT,crypto,5,90,3219,1126,-71.28,1.83,54.66,0.186,0.1783,61.28,False
TLT,equity,5,95,2595,587,-23.06,0.24,17.88,0.188,0.15,13.06,False
XLF,equity,1,85,2599,1252,6.62,0.12,5.12,0.2025,0.1983,-3.38,False
TLT,equity,1,90,2599,975,-4.54,0.07,3.52,0.205,0.195,-5.46,False
BNBUSDT,crypto,3,90,3140,1082,-62.06,-1.17,50.17,0.206,0.2583,52.06,False
ADAUSDT,crypto,3,90,2978,1042,-77.82,-0.05,60.93,0.218,0.1483,67.82,False
ADAUSDT,crypto,1,85,2980,1322,-27.18,-0.32,21.3,0.2185,0.175,17.18,False
ADAUSDT,crypto,1,90,2980,1043,-27.68,-0.11,21.92,0.225,0.1717,17.68,False
AVAXUSDT,crypto,3,90,2089,794,-110.35,4.58,86.12,0.2255,0.135,100.35,False
ADAUSDT,crypto,3,85,2978,1320,-74.6,1.18,61.72,0.232,0.1483,64.6,False
AVAXUSDT,crypto,1,90,2091,794,-35.39,0.42,30.12,0.24,0.1617,25.39,False
LINKUSDT,crypto,3,85,2704,1205,-67.95,2.7,57.0,0.2405,0.2067,57.95,False
BTCUSDT,crypto,3,85,3221,1436,-40.55,0.49,34.16,0.2505,0.225,30.55,False
ADAUSDT,crypto,5,85,2976,1318,-110.37,3.17,98.1,0.265,0.1617,100.37,False
TLT,equity,1,95,2599,587,-4.79,0.02,4.23,0.2665,0.2417,-5.21,False
SOLUSDT,crypto,3,90,2131,800,-94.46,3.65,85.73,0.2685,0.19,84.46,False
BTCUSDT,crypto,1,85,3223,1438,-13.35,0.2,11.95,0.271,0.2533,3.35,False
BTCUSDT,crypto,1,90,3223,1129,-13.62,-0.51,12.86,0.279,0.2833,3.62,False
ETHUSDT,crypto,5,90,3219,1126,-84.15,-1.59,76.94,0.2855,0.2567,74.15,False
LINKUSDT,crypto,5,85,2702,1203,-93.05,2.26,87.35,0.2895,0.2767,83.05,False
XLF,equity,3,85,2597,1252,14.5,0.15,13.56,0.297,0.2567,4.5,False
GLD,equity,1,90,2599,975,3.98,0.17,3.72,0.31,0.3233,-6.02,False
BCHUSDT,crypto,3,95,2388,505,63.75,0.01,63.99,0.3125,0.32,53.75,False
TLT,equity,3,95,2597,587,-11.84,-0.59,11.63,0.314,0.2617,1.84,False
GLD,equity,5,90,2595,975,16.23,0.34,16.41,0.32,0.2833,6.23,False
BCHUSDT,crypto,1,95,2390,505,21.71,-0.22,22.36,0.325,0.35,11.71,False
LTCUSDT,crypto,1,85,3105,1394,-15.72,0.75,16.21,0.3265,0.335,5.72,False
BCHUSDT,crypto,3,85,2388,1086,-53.94,1.15,54.84,0.3345,0.3267,43.94,False
XLF,equity,5,85,2595,1252,20.28,-0.29,20.69,0.339,0.29,10.28,False
LINKUSDT,crypto,1,95,2706,587,-24.96,0.94,25.68,0.346,0.3233,14.96,False
XLE,equity,3,95,2597,587,21.21,0.3,22.73,0.346,0.375,11.21,False
XLF,equity,1,95,2599,587,5.44,-0.08,6.02,0.3525,0.385,-4.56,False
BNBUSDT,crypto,5,90,3138,1080,-73.93,-3.33,80.23,0.355,0.3617,63.93,False
SOLUSDT,crypto,1,90,2133,800,-27.2,0.32,30.23,0.3725,0.3033,17.2,False
BTCUSDT,crypto,5,85,3219,1434,-45.13,0.95,52.37,0.3835,0.4033,35.13,False
DOTUSDT,crypto,5,95,2122,458,-103.67,3.77,121.45,0.399,0.3383,93.67,False
XLF,equity,3,95,2597,587,14.46,-0.37,16.43,0.399,0.4067,4.46,False
SPY,equity,1,95,2599,587,3.58,0.05,4.6,0.403,0.4533,-6.42,False
XLE,equity,5,95,2595,587,29.95,0.55,36.12,0.4055,0.435,19.95,False
DOGEUSDT,crypto,1,95,2536,560,-27.53,-0.54,32.69,0.4085,0.38,17.53,False
QQQ,equity,3,90,2597,975,-10.78,-0.52,13.47,0.416,0.4483,0.78,False
BCHUSDT,crypto,3,90,2388,864,-48.3,-0.97,57.19,0.416,0.3667,38.3,False
BCHUSDT,crypto,5,95,2386,505,85.02,-3.96,102.24,0.4175,0.42,75.02,False
ETHUSDT,crypto,1,85,3223,1438,-13.38,0.15,16.95,0.432,0.38,3.38,False
QQQ,equity,1,90,2599,975,-3.76,-0.06,5.0,0.4355,0.4533,-6.24,False
BNBUSDT,crypto,3,95,3140,701,-44.25,-0.34,58.29,0.446,0.4417,34.25,False
SPY,equity,3,95,2597,587,8.89,0.53,12.01,0.45,0.4833,-1.11,False
SLV,equity,1,90,2599,975,5.41,0.01,7.62,0.4655,0.5233,-4.59,False
ETHUSDT,crypto,3,85,3221,1436,-35.11,2.37,46.99,0.468,0.4183,25.11,False
ETHUSDT,crypto,3,90,3221,1128,-36.26,1.86,49.31,0.469,0.4417,26.26,False
SOLUSDT,crypto,1,95,2133,458,24.72,-0.28,34.04,0.47,0.4283,14.72,False
GLD,equity,3,90,2597,975,7.86,-0.1,10.52,0.483,0.4683,-2.14,False
SPY,equity,5,85,2595,1252,11.05,-0.15,16.41,0.502,0.4867,1.05,False
BCHUSDT,crypto,5,85,2386,1084,-60.49,3.05,87.95,0.5065,0.4767,50.49,False
ETHUSDT,crypto,5,85,3219,1434,-49.15,0.86,74.69,0.515,0.4633,39.15,False
XLE,equity,1,95,2599,587,5.51,0.22,8.42,0.518,0.5133,-4.49,False
ETHUSDT,crypto,3,95,3221,706,-35.56,-1.06,54.99,0.5225,0.4833,25.56,False
DOTUSDT,crypto,3,95,2124,458,-48.73,2.79,77.4,0.523,0.5233,38.73,False
XLK,equity,1,95,2599,587,3.79,0.11,6.28,0.526,0.5517,-6.21,False
LTCUSDT,crypto,5,90,3101,1064,-50.07,-2.47,72.5,0.526,0.4317,40.07,False
ETHUSDT,crypto,5,95,3219,704,-53.88,-2.09,84.68,0.527,0.5,43.88,False
BCHUSDT,crypto,5,90,2386,862,-59.65,2.55,89.69,0.5305,0.4517,49.65,False
IWM,equity,5,85,2595,1252,15.04,1.19,23.56,0.538,0.5417,5.04,False
ADAUSDT,crypto,5,95,2976,680,-57.19,-3.5,103.95,0.541,0.5017,47.19,False
SPY,equity,1,85,2599,1252,2.3,-0.14,3.95,0.5485,0.5267,-7.7,False
ETHUSDT,crypto,1,90,3223,1129,-10.61,0.22,17.56,0.553,0.5283,0.61,False
BTCUSDT,crypto,5,95,3219,704,-35.7,0.87,60.11,0.556,0.5467,25.7,False
SPY,equity,3,85,2597,1252,6.63,0.06,11.08,0.561,0.5133,-3.37,False
XLK,equity,3,90,2597,975,-8.48,0.44,14.93,0.5625,0.5717,-1.52,False
SLV,equity,5,90,2595,975,17.28,0.03,33.09,0.564,0.5883,7.28,False
XLF,equity,1,90,2599,975,2.76,-0.07,5.06,0.579,0.6083,-7.24,False
SLV,equity,3,90,2597,975,11.89,-0.11,21.3,0.5825,0.5817,1.89,False
LTCUSDT,crypto,3,90,3103,1066,-26.35,1.9,46.32,0.5835,0.5933,16.35,False
IWM,equity,1,85,2599,1252,3.14,0.03,5.64,0.584,0.5983,-6.86,False
ADAUSDT,crypto,3,95,2978,682,-31.65,0.59,64.99,0.603,0.6183,21.65,False
BTCUSDT,crypto,1,95,3223,706,7.98,-0.45,14.84,0.6035,0.595,-2.02,False
XLK,equity,3,95,2597,587,9.04,0.11,17.29,0.6055,0.5783,-0.96,False
BNBUSDT,crypto,5,95,3138,699,-44.29,-1.11,89.97,0.617,0.58,34.29,False
IWM,equity,3,85,2597,1252,7.61,-0.15,15.1,0.6215,0.6167,-2.39,False
XRPUSDT,crypto,1,95,2963,676,10.25,0.24,21.98,0.6365,0.645,0.25,False
LTCUSDT,crypto,5,85,3101,1390,31.26,1.45,69.04,0.64,0.62,21.26,False
XLK,equity,1,90,2599,975,-2.55,-0.04,5.43,0.6425,0.67,-7.45,False
XLF,equity,3,90,2597,975,6.17,-0.47,14.07,0.6525,0.66,-3.83,False
AVAXUSDT,crypto,1,95,2091,452,14.55,0.75,34.96,0.66,0.655,4.55,False
BTCUSDT,crypto,3,95,3221,706,-15.82,-0.13,39.09,0.677,0.705,5.82,False
IWM,equity,3,90,2597,975,-6.35,0.58,15.74,0.6795,0.6733,-3.65,False
XLF,equity,5,95,2595,587,9.72,-1.01,24.42,0.6965,0.7183,-0.28,False
IWM,equity,1,95,2599,587,2.61,-0.08,6.78,0.704,0.69,-7.39,False
SPY,equity,5,95,2595,587,7.31,1.25,19.07,0.714,0.6933,-2.69,False
XRPUSDT,crypto,5,90,2959,1034,-28.89,-1.7,85.96,0.7335,0.7283,18.89,False
XLK,equity,5,85,2595,1252,7.22,-0.29,22.24,0.7395,0.745,-2.78,False
LTCUSDT,crypto,3,95,3103,682,17.21,-0.38,51.57,0.744,0.7667,7.21,False
SLV,equity,1,85,2599,1252,2.32,0.12,7.46,0.748,0.775,-7.68,False
BNBUSDT,crypto,5,85,3138,1412,22.57,2.63,74.98,0.752,0.7867,12.57,False
GLD,equity,1,85,2599,1252,-1.13,-0.14,3.67,0.754,0.77,-8.87,False
XLK,equity,3,85,2597,1252,4.27,0.12,14.24,0.7565,0.75,-5.73,False
XRPUSDT,crypto,5,95,2959,674,-27.18,0.85,92.05,0.758,0.765,17.18,False
IWM,equity,3,95,2597,587,5.21,-0.59,18.09,0.7625,0.7817,-4.79,False
QQQ,equity,1,85,2599,1252,-1.32,-0.17,4.79,0.7635,0.755,-8.68,False
QQQ,equity,1,95,2599,587,1.67,0.1,5.79,0.7745,0.7533,-8.33,False
LTCUSDT,crypto,5,95,3101,680,23.23,-2.97,78.43,0.777,0.78,13.23,False
IWM,equity,1,90,2599,975,-1.65,-0.01,5.8,0.7785,0.7967,-8.35,False
QQQ,equity,3,95,2597,587,4.51,-0.14,15.83,0.78,0.7433,-5.49,False
QQQ,equity,5,90,2595,975,-6.39,0.48,20.82,0.782,0.775,-3.61,False
GLD,equity,3,85,2597,1252,-2.72,0.21,10.2,0.794,0.7783,-7.28,False
BNBUSDT,crypto,1,95,3142,701,-4.8,0.93,21.47,0.8135,0.84,-5.2,False
LTCUSDT,crypto,1,95,3105,682,4.45,0.52,19.29,0.818,0.79,-5.55,False
IWM,equity,5,90,2595,975,-5.95,0.86,24.88,0.8215,0.8133,-4.05,False
SOLUSDT,crypto,3,95,2131,458,21.83,2.65,95.95,0.8305,0.8,11.83,False
XLK,equity,5,95,2595,587,5.19,0.19,25.8,0.8315,0.8233,-4.81,False
XLF,equity,5,90,2595,975,4.56,-0.82,22.12,0.8355,0.8167,-5.44,False
XLK,equity,5,90,2595,975,-4.42,-0.9,22.86,0.842,0.8333,-5.58,False
DOTUSDT,crypto,1,95,2126,458,-5.8,0.32,29.43,0.845,0.8417,-4.2,False
XRPUSDT,crypto,1,85,2963,1316,3.24,0.22,18.51,0.8595,0.855,-6.76,False
BNBUSDT,crypto,1,85,3142,1416,-2.67,-0.11,17.22,0.884,0.9,-7.33,False
QQQ,equity,3,85,2597,1252,-1.89,-0.16,13.09,0.885,0.895,-8.11,False
SLV,equity,3,85,2597,1252,3.13,-0.6,21.24,0.894,0.905,-6.87,False
SPY,equity,3,90,2597,975,-1.41,0.12,10.83,0.8965,0.8717,-8.59,False
SOLUSDT,crypto,5,95,2129,458,-18.83,5.13,143.56,0.8995,0.87,8.83,False
XRPUSDT,crypto,3,85,2961,1314,6.41,1.91,54.31,0.9035,0.89,-3.59,False
ADAUSDT,crypto,1,95,2980,682,-2.36,0.43,23.78,0.909,0.91,-7.64,False
SPY,equity,5,90,2595,975,2.03,0.24,16.82,0.919,0.89,-7.97,False
XRPUSDT,crypto,3,95,2961,676,-6.3,-2.74,59.83,0.9215,0.9283,-3.7,False
QQQ,equity,5,95,2595,587,2.43,0.64,24.3,0.9215,0.9183,-7.57,False
AVAXUSDT,crypto,3,95,2089,452,9.03,2.91,100.37,0.9275,0.925,-0.97,False
LTCUSDT,crypto,3,85,3103,1392,3.9,-0.37,42.82,0.929,0.9217,-6.1,False
GLD,equity,5,85,2595,1252,-1.26,0.28,16.01,0.938,0.9217,-8.74,False
IWM,equity,5,95,2595,587,-1.8,-0.47,27.68,0.9415,0.95,-8.2,False
BNBUSDT,crypto,3,85,3140,1414,4.09,1.62,47.09,0.9435,0.925,-5.91,False
XRPUSDT,crypto,1,90,2963,1037,-1.37,-0.02,19.54,0.958,0.9317,-8.63,False
QQQ,equity,5,85,2595,1252,-0.77,0.52,20.56,0.966,0.9667,-9.23,False
SPY,equity,1,90,2599,975,-0.17,0.08,4.15,0.9665,0.96,-9.83,False
SLV,equity,5,85,2595,1252,1.63,-1.02,32.85,0.971,0.96,-8.37,False
XLK,equity,1,85,2599,1252,0.13,-0.0,5.25,0.9785,0.9783,-9.87,False
XRPUSDT,crypto,3,90,2961,1036,-1.51,0.52,55.35,0.981,0.9733,-8.49,False
XRPUSDT,crypto,5,85,2959,1312,-1.52,-1.76,81.18,0.9885,0.99,-8.48,False
AVAXUSDT,crypto,5,95,2087,452,3.63,-5.2,151.14,0.9885,0.9883,-6.37,False
ETHUSDT,crypto,1,95,3223,706,-0.01,-0.14,20.3,1.0,1.0,-9.99,False
