asset,state,target,mi_obs,null_mean,excess,z,p,n,bh_reject,bonf_reject
BTCUSDT,harmonic_4_count_q5,fwd_absret_1d,0.012579702106043629,0.006507234191600404,0.006072467914443225,3.8190111936218667,0.0001999600079984003,3223,True,True
LTCUSDT,saturn_sign,fwd_vol_5d,0.07035383066200726,0.040650351603932634,0.029703479058074626,3.0683083750007145,0.0001999600079984003,3101,True,True
SOLUSDT,saturn_sign,fwd_vol_5d,0.11716373015031813,0.05852855818937692,0.05863517196094121,3.137794794961897,0.0001999600079984003,2129,True,True
SOLUSDT,saturn_sign,fwd_absret_1d,0.04247245590793795,0.02083144292591116,0.021641012982026794,2.617941953354011,0.0001999600079984003,2133,True,True
SOLUSDT,saturn_sign,fwd_ret_1d,0.03623740137831395,0.018272962514951054,0.017964438863362898,2.5425137833447913,0.0001999600079984003,2133,True,True
NEARUSDT,aspect_trine_count_q5,fwd_vol_5d,0.05424204577279339,0.02179362973494488,0.03244841603784851,3.9989018501019413,0.0005998800239952009,2065,True,True
BNBUSDT,saturn_sign,fwd_vol_5d,0.14219828098050272,0.09432333162241326,0.04787494935808946,2.185766677186612,0.0015996800639872025,3138,True,True
DOGEUSDT,moon_near_new,fwd_ret_1d,0.006083918108079297,0.0017688043096054415,0.004315113798473855,4.960523422179425,0.001799640071985603,2536,True,True
DOGEUSDT,moon_near_new,fwd_absret_1d,0.005408440943219901,0.0017584208171655413,0.00365002012605436,4.238374466271976,0.0023995200959808036,2536,True,True
UNIUSDT,venus_sign,fwd_ret_1d,0.03867346510902818,0.028443915058344475,0.010229550050683704,2.842685243219471,0.002599480103979204,2096,True,True
NEARUSDT,aspect_trine_count_q5,fwd_absret_1d,0.022146802932259638,0.011222730906015459,0.010924072026244179,3.3747088200650706,0.003599280143971206,2069,True,False
DOGEUSDT,mars_out_of_bounds,fwd_ret_1d,0.008155815286174045,0.003077282910623603,0.005078532375550442,3.332500421331849,0.004799040191961607,2536,True,False
AVAXUSDT,aspect_trine_count_q5,fwd_vol_5d,0.039528842186730376,0.020634617988329784,0.018894224198400592,2.7350391529602645,0.004999000199960008,2087,True,False
UNIUSDT,moon_sign,fwd_vol_5d,0.03609694188653566,0.025118959516016937,0.01097798237051872,2.5828442175947237,0.0057988402319536095,2092,True,False
SOLUSDT,moon_out_of_bounds,fwd_vol_5d,0.007323715017025988,0.0030196562076424995,0.0043040588093834885,3.3379638201776993,0.006998600279944011,2129,True,False
BNBUSDT,mercury_retrograde,fwd_vol_5d,0.010515046882497488,0.004365876866190365,0.006149170016307123,3.1981393414158714,0.008198360327934412,3138,True,False
