asset,state,target,raw_excess,raw_p,raw_z,resid_excess,resid_p,resid_z,excess_kept,resid_survives_bonf
BTCUSDT,harmonic_4_count_q5,fwd_absret_1d,0.006066796384864096,0.0001999600079984003,3.837914995389125,0.0007712747162103763,0.28014397120575885,0.5199971455252145,0.12713047666056687,False
LTCUSDT,saturn_sign,fwd_vol_5d,0.0295564465528858,0.0001999600079984003,2.980101772790702,-0.0017696798970387659,0.5394921015796841,-0.3343182186962262,-0.059874582483122614,False
SOLUSDT,saturn_sign,fwd_vol_5d,0.058252264371768836,0.0001999600079984003,3.052564922915445,-0.008956615748856426,0.9906018796240752,-1.6570431600668163,-0.15375566676163627,False
SOLUSDT,saturn_sign,fwd_absret_1d,0.021468840356274298,0.0001999600079984003,2.571828052921399,0.007113306482221806,0.01199760047990402,2.745124767332233,0.33133165854218727,False
SOLUSDT,saturn_sign,fwd_ret_1d,0.01800400285212414,0.0001999600079984003,2.5506006318284875,-0.00047191027063851754,0.5022995400919816,-0.2469950366371968,-0.026211408347052156,False
NEARUSDT,aspect_trine_count_q5,fwd_vol_5d,0.03257230767574332,0.0005998800239952009,4.002206082076582,0.0029314737594390884,0.20415916816636673,0.7111241600955324,0.0899989582752887,False
BNBUSDT,saturn_sign,fwd_vol_5d,0.04733162464660852,0.0027994401119776045,2.1269821874728465,-0.00039744915376133984,0.5278944211157769,-0.11892853361617078,-0.008397116235261503,False
DOGEUSDT,moon_near_new,fwd_ret_1d,0.00433316806813033,0.0011997600479904018,5.1132460776630975,0.00019524343273206383,0.35032993401319734,0.24358127220357806,0.045057895207906686,False
DOGEUSDT,moon_near_new,fwd_absret_1d,0.0036333863664588582,0.002599480103979204,4.269366040270464,-0.0005938889068681211,0.7520495900819836,-0.743950522711226,-0.16345327663210568,False
UNIUSDT,venus_sign,fwd_ret_1d,0.010312561440924347,0.004199160167966407,2.8129158993122734,-0.004473590280633006,0.876624675064987,-1.194325605763732,-0.43380010933850244,False
