asset,klass,lat,n,n_fall,slope,hac_t,obs_slope,null_sd,p_perm,fall_vs_rest_ann_bps,fdr_pass
GLD,equity,40.71,2599,1286,0.0002146436082253942,1.28,0.0002146436082253942,0.00012461,0.0857,428.3,False
ADAUSDT,crypto@60N,60.0,2980,1466,0.00052649520353446,1.28,0.00052649520353446,0.00032965,0.0997,4549.5,False
ADAUSDT,crypto@40N,40.71,2980,1466,0.001145440081154922,1.28,0.001145440081154922,0.00071508,0.1053,4549.5,False
ETHUSDT,crypto@60N,60.0,3223,1649,0.00041618588151317643,1.19,0.00041618588151317643,0.00026903,0.1167,1404.8,False
XLF,equity,40.71,2599,1286,0.00034568898225528934,1.63,0.00034568898225528934,0.00021534,0.1253,-1025.6,False
ETHUSDT,crypto@40N,40.71,3223,1649,0.0008791666226710704,1.16,0.0008791666226710704,0.00058519,0.1327,1404.8,False
XLE,equity,40.71,2599,1286,0.0002896668465843413,0.96,0.0002896668465843413,0.00021236,0.1657,34.0,False
BTCUSDT,crypto@60N,60.0,3223,1649,0.00022146355577409686,0.82,0.00022146355577409686,0.00019978,0.282,3829.6,False
BTCUSDT,crypto@40N,40.71,3223,1649,0.0004904138123061123,0.84,0.0004904138123061123,0.00043212,0.2827,3829.6,False
SLV,equity,40.71,2599,1286,0.0003168064601641036,0.87,0.0003168064601641036,0.00031299,0.3207,-913.2,False
IWM,equity,40.71,2599,1286,0.00017237762098001053,0.72,0.00017237762098001053,0.00021611,0.3647,-1775.6,False
BNBUSDT,crypto@40N,40.71,3142,1603,0.0011402684063903448,1.29,0.0011402684063903448,0.00123486,0.441,6194.4,False
BNBUSDT,crypto@60N,60.0,3142,1603,0.0005300731544182008,1.3,0.0005300731544182008,0.00057632,0.4447,6194.4,False
SPY,equity,40.71,2599,1286,6.268942585151067e-05,0.38,6.268942585151067e-05,0.00015618,0.6677,-1458.8,False
SOLUSDT,crypto@60N,60.0,2133,1100,0.00011228365876371167,0.2,0.00011228365876371167,0.00047748,0.8293,2691.2,False
XLK,equity,40.71,2599,1286,-5.956718403494915e-05,-0.26,-5.956718403494915e-05,0.00025872,0.831,-1727.6,False
SOLUSDT,crypto@40N,40.71,2133,1100,0.0002432148799017896,0.2,0.0002432148799017896,0.00102568,0.8457,2691.2,False
XRPUSDT,crypto@40N,40.71,2963,1466,9.09788471733199e-05,0.1,9.09788471733199e-05,0.000521,0.8563,1214.7,False
XRPUSDT,crypto@60N,60.0,2963,1466,2.8985208338267293e-05,0.07,2.8985208338267293e-05,0.00024007,0.9027,1214.7,False
QQQ,equity,40.71,2599,1286,-1.604696410425349e-05,-0.08,-1.604696410425349e-05,0.00023396,0.945,-1513.7,False
TLT,equity,40.71,2599,1286,-4.370229091240423e-06,-0.03,-4.370229091240423e-06,0.00016291,0.9797,-677.9,False
