symbol,variant,params,n_train,n_oos,train_sharpe,oos_sharpe,train_net,oos_net,bh_oos_net,bh_oos_sharpe,beats_bh_net,p_null,dsr,bb_ci95,frac_trades_oos,candidate
SOLUSDT,meanrev_ls,"{'lo': 25, 'hi': 75}",1493,639,-1.059,0.687,-0.9755,0.7457,-0.4761,-0.465,True,0.368,0.0416,"[-0.733, 2.093]",0.0955,False
SOLUSDT,meanrev_ls,"{'lo': 25, 'hi': 70}",1493,639,-1.67,0.665,-0.9986,0.8681,-0.4761,-0.465,True,0.356,0.0411,"[-0.759, 2.031]",0.1362,False
BNBUSDT,filter_overlay,{'greed': 75},2136,915,0.205,0.644,1.8646,1.1996,1.5032,0.672,False,0.462,0.056,"[-0.496, 1.916]",0.0612,False
XRPUSDT,meanrev_lo,"{'lo': 25, 'hi': 75}",2074,888,-0.209,0.617,-0.4759,0.7666,1.1507,0.395,False,0.354,0.0398,"[-0.482, 1.49]",0.0484,False
XRPUSDT,meanrev_lo,"{'lo': 25, 'hi': 70}",2074,888,-0.209,0.617,-0.4759,0.7666,1.1507,0.395,False,0.33,0.0398,"[-0.401, 1.708]",0.0484,False
XRPUSDT,meanrev_lo,"{'lo': 25, 'hi': 80}",2074,888,-0.209,0.617,-0.4759,0.7666,1.1507,0.395,False,0.392,0.0398,"[-0.396, 1.506]",0.0484,False
BNBUSDT,filter_overlay,{'greed': 80},2136,915,0.325,0.549,4.5212,1.046,1.5032,0.672,False,0.804,0.0408,"[-0.698, 1.75]",0.0306,False
BASKET,meanrev_ls,"{'lo': 25, 'hi': 75}",1493,639,-1.028,0.506,-0.9227,0.3865,-0.1878,-0.194,True,0.532,0.0255,"[-0.933, 1.761]",0.0955,False
BASKET,meanrev_ls,"{'lo': 25, 'hi': 70}",1493,639,-1.642,0.393,-0.9881,0.3297,-0.1878,-0.194,True,0.572,0.0181,"[-0.888, 1.854]",0.1362,False
BTCUSDT,filter_overlay,{'greed': 75},2136,915,0.14,0.371,0.7209,0.4936,0.5937,0.388,False,0.458,0.0216,"[-0.71, 1.599]",0.0612,False
SOLUSDT,meanrev_lo,"{'lo': 25, 'hi': 80}",1493,639,-0.567,0.362,-0.7575,0.2944,-0.4761,-0.465,True,0.6,0.0153,"[-0.892, 1.578]",0.0579,False
SOLUSDT,meanrev_lo,"{'lo': 25, 'hi': 75}",1493,639,-0.567,0.362,-0.7575,0.2944,-0.4761,-0.465,True,0.636,0.0153,"[-1.143, 1.619]",0.0579,False
SOLUSDT,meanrev_lo,"{'lo': 25, 'hi': 70}",1493,639,-0.567,0.362,-0.7575,0.2944,-0.4761,-0.465,True,0.582,0.0153,"[-1.1, 1.533]",0.0579,False
BASKET,meanrev_lo,"{'lo': 25, 'hi': 75}",1493,639,-0.464,0.348,-0.5926,0.2178,-0.1878,-0.194,True,0.628,0.0155,"[-1.029, 1.945]",0.0579,False
BASKET,meanrev_lo,"{'lo': 25, 'hi': 80}",1493,639,-0.464,0.348,-0.5926,0.2178,-0.1878,-0.194,True,0.648,0.0155,"[-1.108, 1.789]",0.0579,False
BASKET,meanrev_lo,"{'lo': 25, 'hi': 70}",1493,639,-0.464,0.348,-0.5926,0.2178,-0.1878,-0.194,True,0.636,0.0155,"[-0.998, 1.741]",0.0579,False
SOLUSDT,meanrev_ls,"{'lo': 25, 'hi': 80}",1493,639,-1.064,0.324,-0.9675,0.2767,-0.4761,-0.465,True,0.686,0.0138,"[-1.128, 1.641]",0.0861,False
BTCUSDT,filter_overlay,{'greed': 80},2136,915,0.114,0.314,0.5675,0.4418,0.5937,0.388,False,0.722,0.0173,"[-0.894, 1.661]",0.0306,False
BTCUSDT,meanrev_lo,"{'lo': 25, 'hi': 80}",2136,915,0.106,0.261,0.3054,0.1623,0.5937,0.388,False,0.672,0.0143,"[-0.836, 1.49]",0.047,False
BTCUSDT,meanrev_lo,"{'lo': 25, 'hi': 75}",2136,915,0.106,0.261,0.3054,0.1623,0.5937,0.388,False,0.65,0.0143,"[-0.845, 1.541]",0.047,False
BTCUSDT,meanrev_lo,"{'lo': 25, 'hi': 70}",2136,915,0.106,0.261,0.3054,0.1623,0.5937,0.388,False,0.692,0.0143,"[-0.826, 1.497]",0.047,False
BASKET,meanrev_ls,"{'lo': 25, 'hi': 80}",1493,639,-1.001,0.245,-0.9038,0.1565,-0.1878,-0.194,True,0.756,0.011,"[-1.092, 1.631]",0.0861,False
XRPUSDT,meanrev_lo,"{'lo': 30, 'hi': 70}",2074,888,-0.23,0.197,-0.5506,0.245,1.1507,0.395,False,0.77,0.0101,"[-0.731, 1.136]",0.0619,False
XRPUSDT,meanrev_lo,"{'lo': 30, 'hi': 75}",2074,888,-0.23,0.197,-0.5506,0.245,1.1507,0.395,False,0.788,0.0101,"[-0.772, 1.315]",0.0619,False
XRPUSDT,meanrev_lo,"{'lo': 30, 'hi': 80}",2074,888,-0.23,0.197,-0.5506,0.245,1.1507,0.395,False,0.79,0.0101,"[-0.756, 1.242]",0.0619,False
ETHUSDT,meanrev_ls,"{'lo': 25, 'hi': 75}",2136,915,-0.374,0.196,-0.7545,0.2212,-0.2245,-0.147,True,0.75,0.0107,"[-0.862, 1.334]",0.1082,False
ETHUSDT,meanrev_ls,"{'lo': 25, 'hi': 80}",2136,915,-0.264,0.189,-0.6122,0.1772,-0.2245,-0.147,True,0.778,0.0104,"[-0.761, 1.363]",0.0776,False
ETHUSDT,meanrev_lo,"{'lo': 25, 'hi': 75}",2136,915,-0.107,0.138,-0.299,0.1166,-0.2245,-0.147,True,0.79,0.0084,"[-0.893, 1.232]",0.047,False
ETHUSDT,meanrev_lo,"{'lo': 25, 'hi': 80}",2136,915,-0.107,0.138,-0.299,0.1166,-0.2245,-0.147,True,0.782,0.0084,"[-0.919, 1.233]",0.047,False
ETHUSDT,meanrev_lo,"{'lo': 25, 'hi': 70}",2136,915,-0.107,0.138,-0.299,0.1166,-0.2245,-0.147,True,0.814,0.0084,"[-0.846, 1.392]",0.047,False
BTCUSDT,filter_overlay,{'greed': 70},2136,915,0.043,0.132,0.1759,0.1415,0.5937,0.388,False,0.854,0.0082,"[-0.932, 1.353]",0.0973,False
BTCUSDT,meanrev_ls,"{'lo': 25, 'hi': 75}",2136,915,-0.236,0.11,-0.4972,0.0893,0.5937,0.388,False,0.878,0.0075,"[-0.961, 1.181]",0.1082,False
SOLUSDT,meanrev_ls,"{'lo': 20, 'hi': 70}",1493,639,-1.724,0.109,-0.9976,0.0947,-0.4761,-0.465,True,0.892,0.0069,"[-1.137, 1.519]",0.1111,False
BTCUSDT,meanrev_ls,"{'lo': 25, 'hi': 80}",2136,915,-0.278,0.078,-0.542,0.0515,0.5937,0.388,False,0.918,0.0065,"[-0.933, 1.147]",0.0776,False
XRPUSDT,filter_overlay,{'greed': 80},2074,888,-0.016,0.058,-0.0841,0.1111,1.1507,0.395,False,0.99,0.0058,"[-1.107, 1.334]",0.0315,False
SOLUSDT,meanrev_ls,"{'lo': 30, 'hi': 70}",1493,639,-1.404,0.05,-0.9972,0.0541,-0.4761,-0.465,True,0.94,0.0055,"[-1.171, 1.401]",0.1393,False
SOLUSDT,meanrev_ls,"{'lo': 20, 'hi': 75}",1493,639,-1.055,0.033,-0.9581,0.023,-0.4761,-0.465,True,0.962,0.0052,"[-1.036, 1.45]",0.0704,False
BNBUSDT,meanrev_lo,"{'lo': 25, 'hi': 75}",2136,915,-0.074,0.005,-0.2189,0.0029,1.5032,0.672,False,0.988,0.0046,"[-1.03, 1.305]",0.047,False
BNBUSDT,meanrev_lo,"{'lo': 25, 'hi': 70}",2136,915,-0.074,0.005,-0.2189,0.0029,1.5032,0.672,False,0.996,0.0046,"[-1.253, 1.363]",0.047,False
BNBUSDT,meanrev_lo,"{'lo': 25, 'hi': 80}",2136,915,-0.074,0.005,-0.2189,0.0029,1.5032,0.672,False,0.992,0.0046,"[-1.258, 1.414]",0.047,False
SOLUSDT,meanrev_ls,"{'lo': 30, 'hi': 75}",1493,639,-0.8,-0.016,-0.9523,-0.015,-0.4761,-0.465,True,0.978,0.0043,"[-1.271, 1.443]",0.0986,False
BNBUSDT,meanrev_lo,"{'lo': 30, 'hi': 75}",2136,915,-0.18,-0.039,-0.4846,-0.0282,1.5032,0.672,False,0.964,0.0038,"[-1.029, 0.973]",0.0601,False
BNBUSDT,meanrev_lo,"{'lo': 30, 'hi': 80}",2136,915,-0.18,-0.039,-0.4846,-0.0282,1.5032,0.672,False,0.952,0.0038,"[-0.982, 1.048]",0.0601,False
BNBUSDT,meanrev_lo,"{'lo': 30, 'hi': 70}",2136,915,-0.18,-0.039,-0.4846,-0.0282,1.5032,0.672,False,0.95,0.0038,"[-1.061, 1.121]",0.0601,False
XRPUSDT,filter_overlay,{'greed': 75},2074,888,-0.077,-0.051,-0.3276,-0.0799,1.1507,0.395,False,0.982,0.0036,"[-1.08, 1.031]",0.0631,False
BNBUSDT,filter_overlay,{'greed': 70},2136,915,0.026,-0.061,0.1372,-0.0641,1.5032,0.672,False,0.962,0.0034,"[-0.985, 1.117]",0.0973,False
XRPUSDT,meanrev_lo,"{'lo': 20, 'hi': 70}",2074,888,-0.446,-0.074,-0.6233,-0.0502,1.1507,0.395,False,0.896,0.0033,"[-0.912, 0.92]",0.0259,False
XRPUSDT,meanrev_lo,"{'lo': 20, 'hi': 80}",2074,888,-0.446,-0.074,-0.6233,-0.0502,1.1507,0.395,False,0.92,0.0033,"[-0.897, 0.942]",0.0259,False
XRPUSDT,meanrev_lo,"{'lo': 20, 'hi': 75}",2074,888,-0.446,-0.074,-0.6233,-0.0502,1.1507,0.395,False,0.914,0.0033,"[-0.839, 0.993]",0.0259,False
BASKET,filter_overlay,{'greed': 75},1493,639,0.364,-0.076,2.0439,-0.0752,-0.1878,-0.194,True,0.858,0.0034,"[-1.395, 1.501]",0.0376,False
XRPUSDT,filter_overlay,{'greed': 70},2074,888,-0.361,-0.076,-0.8259,-0.1109,1.1507,0.395,False,0.976,0.0032,"[-1.077, 0.85]",0.0833,False
XRPUSDT,meanrev_ls,"{'lo': 25, 'hi': 80}",2074,888,-0.064,-0.08,-0.2247,-0.0874,1.1507,0.395,False,0.894,0.0032,"[-1.588, 1.254]",0.08,False
ETHUSDT,filter_overlay,{'greed': 75},2136,915,-0.057,-0.103,-0.2529,-0.1518,-0.2245,-0.147,True,0.76,0.0028,"[-1.171, 1.171]",0.0612,False
BTCUSDT,meanrev_lo,"{'lo': 30, 'hi': 75}",2136,915,0.02,-0.117,0.0584,-0.0801,0.5937,0.388,False,0.862,0.0026,"[-1.124, 1.01]",0.0601,False
BTCUSDT,meanrev_lo,"{'lo': 30, 'hi': 80}",2136,915,0.02,-0.117,0.0584,-0.0801,0.5937,0.388,False,0.864,0.0026,"[-1.118, 1.019]",0.0601,False
BTCUSDT,meanrev_lo,"{'lo': 30, 'hi': 70}",2136,915,0.02,-0.117,0.0584,-0.0801,0.5937,0.388,False,0.882,0.0026,"[-1.134, 0.994]",0.0601,False
ETHUSDT,filter_overlay,{'greed': 80},2136,915,0.032,-0.119,0.1803,-0.1824,-0.2245,-0.147,True,0.694,0.0026,"[-1.433, 1.117]",0.0306,False
BASKET,filter_overlay,{'greed': 70},1493,639,-0.263,-0.123,-0.5302,-0.1131,-0.1878,-0.194,True,0.796,0.0028,"[-1.482, 1.151]",0.0782,False
BNBUSDT,meanrev_ls,"{'lo': 25, 'hi': 75}",2136,915,-0.579,-0.153,-0.9135,-0.1187,1.5032,0.672,False,0.812,0.0021,"[-1.055, 0.957]",0.1082,False
BNBUSDT,meanrev_ls,"{'lo': 30, 'hi': 75}",2136,915,-0.637,-0.165,-0.9429,-0.1461,1.5032,0.672,False,0.844,0.002,"[-1.184, 0.857]",0.1213,False
BTCUSDT,meanrev_ls,"{'lo': 30, 'hi': 75}",2136,915,-0.284,-0.167,-0.5923,-0.1379,0.5937,0.388,False,0.798,0.002,"[-1.118, 1.052]",0.1213,False
BASKET,meanrev_ls,"{'lo': 30, 'hi': 75}",1493,639,-0.826,-0.17,-0.8921,-0.1212,-0.1878,-0.194,True,0.818,0.0023,"[-1.488, 1.278]",0.0986,False
ETHUSDT,meanrev_ls,"{'lo': 20, 'hi': 75}",2136,915,-0.666,-0.171,-0.8801,-0.1461,-0.2245,-0.147,True,0.746,0.0019,"[-1.406, 0.906]",0.0863,False
XRPUSDT,meanrev_ls,"{'lo': 25, 'hi': 75}",2074,888,-0.129,-0.201,-0.4308,-0.2442,1.1507,0.395,False,0.758,0.0017,"[-1.749, 1.319]",0.1115,False
BASKET,meanrev_ls,"{'lo': 30, 'hi': 70}",1493,639,-1.417,-0.207,-0.9833,-0.1572,-0.1878,-0.194,True,0.742,0.002,"[-1.42, 1.244]",0.1393,False
BTCUSDT,meanrev_ls,"{'lo': 25, 'hi': 70}",2136,915,-0.349,-0.208,-0.6564,-0.1675,0.5937,0.388,False,0.792,0.0016,"[-1.481, 1.166]",0.1443,False
BTCUSDT,meanrev_lo,"{'lo': 20, 'hi': 70}",2136,915,-0.19,-0.209,-0.3198,-0.0986,0.5937,0.388,False,0.736,0.0015,"[-1.243, 0.992]",0.0251,False
BTCUSDT,meanrev_lo,"{'lo': 20, 'hi': 75}",2136,915,-0.19,-0.209,-0.3198,-0.0986,0.5937,0.388,False,0.75,0.0015,"[-1.236, 1.105]",0.0251,False
BTCUSDT,meanrev_lo,"{'lo': 20, 'hi': 80}",2136,915,-0.19,-0.209,-0.3198,-0.0986,0.5937,0.388,False,0.778,0.0015,"[-1.081, 1.051]",0.0251,False
XRPUSDT,meanrev_ls,"{'lo': 25, 'hi': 70}",2074,888,-0.406,-0.21,-0.8526,-0.2696,1.1507,0.395,False,0.762,0.0017,"[-1.644, 1.143]",0.1318,False
SOLUSDT,filter_overlay,{'greed': 70},1493,639,-0.33,-0.224,-0.7565,-0.2438,-0.4761,-0.465,True,0.75,0.0018,"[-1.638, 1.222]",0.0782,False
BASKET,meanrev_ls,"{'lo': 20, 'hi': 75}",1493,639,-1.059,-0.23,-0.887,-0.1199,-0.1878,-0.194,True,0.772,0.0017,"[-1.4, 1.13]",0.0704,False
BTCUSDT,meanrev_ls,"{'lo': 20, 'hi': 75}",2136,915,-0.537,-0.233,-0.738,-0.1552,0.5937,0.388,False,0.73,0.0014,"[-1.284, 1.073]",0.0863,False
BTCUSDT,meanrev_ls,"{'lo': 30, 'hi': 80}",2136,915,-0.324,-0.238,-0.6287,-0.1678,0.5937,0.388,False,0.728,0.0014,"[-1.254, 0.976]",0.0907,False
BASKET,filter_overlay,{'greed': 80},1493,639,0.419,-0.245,2.7882,-0.2286,-0.1878,-0.194,False,0.36,0.0016,"[-1.49, 1.156]",0.0282,False
SOLUSDT,filter_overlay,{'greed': 75},1493,639,0.308,-0.26,3.179,-0.2934,-0.4761,-0.465,True,0.784,0.0016,"[-1.619, 1.143]",0.0376,False
ETHUSDT,meanrev_ls,"{'lo': 20, 'hi': 80}",2136,915,-0.558,-0.261,-0.8106,-0.1768,-0.2245,-0.147,True,0.702,0.0012,"[-1.163, 0.753]",0.0557,False
BASKET,meanrev_ls,"{'lo': 20, 'hi': 70}",1493,639,-1.756,-0.264,-0.9826,-0.1559,-0.1878,-0.194,True,0.722,0.0015,"[-1.485, 1.186]",0.1111,False
ETHUSDT,meanrev_ls,"{'lo': 25, 'hi': 70}",2136,915,-0.713,-0.264,-0.9409,-0.2698,-0.2245,-0.147,False,0.702,0.0012,"[-1.407, 0.787]",0.1443,False
ETHUSDT,meanrev_ls,"{'lo': 30, 'hi': 75}",2136,915,-0.498,-0.265,-0.8745,-0.268,-0.2245,-0.147,False,0.664,0.0012,"[-1.387, 0.915]",0.1213,False
BNBUSDT,meanrev_ls,"{'lo': 30, 'hi': 80}",2136,915,-0.509,-0.272,-0.89,-0.2057,1.5032,0.672,False,0.71,0.0011,"[-1.312, 0.912]",0.0907,False
BNBUSDT,meanrev_ls,"{'lo': 25, 'hi': 80}",2136,915,-0.441,-0.285,-0.8333,-0.1803,1.5032,0.672,False,0.692,0.001,"[-1.325, 1.057]",0.0776,False
ETHUSDT,meanrev_ls,"{'lo': 30, 'hi': 80}",2136,915,-0.403,-0.334,-0.8018,-0.2944,-0.2245,-0.147,False,0.576,0.0008,"[-1.312, 0.745]",0.0907,False
XRPUSDT,meanrev_ls,"{'lo': 30, 'hi': 80}",2074,888,-0.095,-0.34,-0.3351,-0.3568,1.1507,0.395,False,0.622,0.0009,"[-1.563, 1.012]",0.0935,False
BTCUSDT,meanrev_ls,"{'lo': 20, 'hi': 80}",2136,915,-0.603,-0.355,-0.7614,-0.1845,0.5937,0.388,False,0.592,0.0007,"[-1.265, 0.678]",0.0557,False
SOLUSDT,meanrev_lo,"{'lo': 30, 'hi': 75}",1493,639,-0.26,-0.362,-0.5292,-0.2697,-0.4761,-0.465,True,0.608,0.001,"[-1.563, 0.97]",0.061,False
SOLUSDT,meanrev_lo,"{'lo': 30, 'hi': 70}",1493,639,-0.26,-0.362,-0.5292,-0.2697,-0.4761,-0.465,True,0.574,0.001,"[-1.546, 0.888]",0.061,False
SOLUSDT,meanrev_lo,"{'lo': 30, 'hi': 80}",1493,639,-0.26,-0.362,-0.5292,-0.2697,-0.4761,-0.465,True,0.55,0.001,"[-1.551, 1.048]",0.061,False
SOLUSDT,meanrev_ls,"{'lo': 30, 'hi': 80}",1493,639,-0.779,-0.364,-0.937,-0.2796,-0.4761,-0.465,True,0.6,0.001,"[-1.597, 1.057]",0.0892,False
ETHUSDT,meanrev_lo,"{'lo': 20, 'hi': 75}",2136,915,-0.406,-0.37,-0.6577,-0.2192,-0.2245,-0.147,True,0.626,0.0006,"[-1.299, 0.657]",0.0251,False
ETHUSDT,meanrev_lo,"{'lo': 20, 'hi': 80}",2136,915,-0.406,-0.37,-0.6577,-0.2192,-0.2245,-0.147,True,0.582,0.0006,"[-1.399, 0.686]",0.0251,False
ETHUSDT,meanrev_lo,"{'lo': 20, 'hi': 70}",2136,915,-0.406,-0.37,-0.6577,-0.2192,-0.2245,-0.147,True,0.612,0.0006,"[-1.243, 0.735]",0.0251,False
BASKET,meanrev_lo,"{'lo': 30, 'hi': 75}",1493,639,-0.257,-0.373,-0.4313,-0.2282,-0.1878,-0.194,False,0.562,0.0009,"[-1.575, 0.92]",0.061,False
BASKET,meanrev_lo,"{'lo': 30, 'hi': 80}",1493,639,-0.257,-0.373,-0.4313,-0.2282,-0.1878,-0.194,False,0.542,0.0009,"[-1.538, 1.004]",0.061,False
BASKET,meanrev_lo,"{'lo': 30, 'hi': 70}",1493,639,-0.257,-0.373,-0.4313,-0.2282,-0.1878,-0.194,False,0.564,0.0009,"[-1.607, 0.998]",0.061,False
ETHUSDT,meanrev_lo,"{'lo': 30, 'hi': 75}",2136,915,-0.272,-0.405,-0.6417,-0.3307,-0.2245,-0.147,False,0.424,0.0006,"[-1.406, 0.724]",0.0601,False
ETHUSDT,meanrev_lo,"{'lo': 30, 'hi': 70}",2136,915,-0.272,-0.405,-0.6417,-0.3307,-0.2245,-0.147,False,0.456,0.0006,"[-1.366, 0.787]",0.0601,False
ETHUSDT,meanrev_lo,"{'lo': 30, 'hi': 80}",2136,915,-0.272,-0.405,-0.6417,-0.3307,-0.2245,-0.147,False,0.432,0.0006,"[-1.335, 0.658]",0.0601,False
XRPUSDT,meanrev_ls,"{'lo': 30, 'hi': 70}",2074,888,-0.415,-0.411,-0.8736,-0.4853,1.1507,0.395,False,0.652,0.0006,"[-1.9, 0.971]",0.1453,False
XRPUSDT,meanrev_ls,"{'lo': 30, 'hi': 75}",2074,888,-0.154,-0.412,-0.5119,-0.4674,1.1507,0.395,False,0.658,0.0006,"[-1.859, 1.139]",0.125,False
BTCUSDT,meanrev_ls,"{'lo': 30, 'hi': 70}",2136,915,-0.388,-0.427,-0.7214,-0.3411,0.5937,0.388,False,0.526,0.0005,"[-1.685, 0.7]",0.1574,False
BASKET,meanrev_ls,"{'lo': 30, 'hi': 80}",1493,639,-0.785,-0.434,-0.8657,-0.267,-0.1878,-0.194,False,0.556,0.0007,"[-1.602, 0.852]",0.0892,False
ETHUSDT,filter_overlay,{'greed': 70},2136,915,-0.349,-0.459,-0.82,-0.4929,-0.2245,-0.147,False,0.174,0.0004,"[-1.618, 0.662]",0.0973,False
SOLUSDT,meanrev_ls,"{'lo': 20, 'hi': 80}",1493,639,-1.08,-0.472,-0.9446,-0.2519,-0.4761,-0.465,True,0.546,0.0006,"[-1.576, 0.722]",0.061,False
SOLUSDT,filter_overlay,{'greed': 80},1493,639,0.354,-0.482,4.5267,-0.4832,-0.4761,-0.465,False,0.352,0.0006,"[-1.825, 0.861]",0.0282,False
SOLUSDT,meanrev_lo,"{'lo': 20, 'hi': 75}",1493,639,-0.508,-0.49,-0.5863,-0.2415,-0.4761,-0.465,True,0.5675,0.0005,"[-1.553, 0.581]",0.0329,False
SOLUSDT,meanrev_lo,"{'lo': 20, 'hi': 80}",1493,639,-0.508,-0.49,-0.5863,-0.2415,-0.4761,-0.465,True,0.597,0.0005,"[-1.572, 0.681]",0.0329,False
SOLUSDT,meanrev_lo,"{'lo': 20, 'hi': 70}",1493,639,-0.508,-0.49,-0.5863,-0.2415,-0.4761,-0.465,True,0.5352,0.0005,"[-1.531, 0.717]",0.0329,False
BTCUSDT,meanrev_ls,"{'lo': 20, 'hi': 70}",2136,915,-0.644,-0.527,-0.821,-0.3544,0.5937,0.388,False,0.448,0.0003,"[-1.549, 0.652]",0.1224,False
BASKET,meanrev_lo,"{'lo': 20, 'hi': 75}",1493,639,-0.388,-0.562,-0.4043,-0.227,-0.1878,-0.194,False,0.5117,0.0003,"[-1.633, 0.67]",0.0329,False
BASKET,meanrev_lo,"{'lo': 20, 'hi': 80}",1493,639,-0.388,-0.562,-0.4043,-0.227,-0.1878,-0.194,False,0.4948,0.0003,"[-1.491, 0.8]",0.0329,False
BASKET,meanrev_lo,"{'lo': 20, 'hi': 70}",1493,639,-0.388,-0.562,-0.4043,-0.227,-0.1878,-0.194,False,0.5159,0.0003,"[-1.584, 0.685]",0.0329,False
BNBUSDT,meanrev_ls,"{'lo': 20, 'hi': 75}",2136,915,-0.625,-0.582,-0.9018,-0.3612,1.5032,0.672,False,0.382,0.0001,"[-1.545, 0.455]",0.0863,False
ETHUSDT,meanrev_ls,"{'lo': 20, 'hi': 70}",2136,915,-1.035,-0.606,-0.9711,-0.4894,-0.2245,-0.147,False,0.334,0.0002,"[-1.758, 0.486]",0.1224,False
ETHUSDT,meanrev_ls,"{'lo': 30, 'hi': 70}",2136,915,-0.803,-0.622,-0.9698,-0.5623,-0.2245,-0.147,False,0.308,0.0002,"[-1.814, 0.488]",0.1574,False
BASKET,meanrev_ls,"{'lo': 20, 'hi': 80}",1493,639,-1.048,-0.629,-0.8593,-0.2659,-0.1878,-0.194,False,0.468,0.0002,"[-1.722, 0.812]",0.061,False
BNBUSDT,meanrev_lo,"{'lo': 20, 'hi': 75}",2136,915,-0.045,-0.673,-0.1127,-0.2731,1.5032,0.672,False,0.262,0.0001,"[-1.571, 0.68]",0.0251,False
BNBUSDT,meanrev_lo,"{'lo': 20, 'hi': 80}",2136,915,-0.045,-0.673,-0.1127,-0.2731,1.5032,0.672,False,0.282,0.0001,"[-1.569, 0.51]",0.0251,False
BNBUSDT,meanrev_lo,"{'lo': 20, 'hi': 70}",2136,915,-0.045,-0.673,-0.1127,-0.2731,1.5032,0.672,False,0.288,0.0001,"[-1.546, 0.59]",0.0251,False
XRPUSDT,meanrev_ls,"{'lo': 20, 'hi': 70}",2074,888,-0.537,-0.687,-0.8941,-0.6073,1.1507,0.395,False,0.354,0.0001,"[-1.959, 0.759]",0.1092,False
XRPUSDT,meanrev_ls,"{'lo': 20, 'hi': 75}",2074,888,-0.236,-0.718,-0.5909,-0.5937,1.1507,0.395,False,0.306,0.0001,"[-2.103, 0.818]",0.089,False
XRPUSDT,meanrev_ls,"{'lo': 20, 'hi': 80}",2074,888,-0.175,-0.741,-0.4427,-0.5093,1.1507,0.395,False,0.264,0.0001,"[-1.962, 0.64]",0.0574,False
BNBUSDT,meanrev_ls,"{'lo': 20, 'hi': 80}",2136,915,-0.473,-0.831,-0.8107,-0.4058,1.5032,0.672,False,0.144,0.0,"[-1.665, 0.304]",0.0557,False
BNBUSDT,meanrev_ls,"{'lo': 30, 'hi': 70}",2136,915,-0.811,-0.911,-0.9773,-0.6367,1.5032,0.672,False,0.162,0.0,"[-1.992, 0.222]",0.1574,False
BNBUSDT,meanrev_ls,"{'lo': 25, 'hi': 70}",2136,915,-0.764,-0.98,-0.9657,-0.625,1.5032,0.672,False,0.15,0.0,"[-2.199, 0.103]",0.1443,False
BNBUSDT,meanrev_ls,"{'lo': 20, 'hi': 70}",2136,915,-0.828,-1.368,-0.961,-0.7282,1.5032,0.672,False,0.034,0.0,"[-2.477, -0.321]",0.1224,False
