symbol,feature,h,chan,n,ic,naive_p,p_iaaft,p_shift,beats_both_nulls
SOLUSDT,sim_offset_y,21,vol,2112,-0.6344,3.118319053229575e-238,0.000999000999000999,0.001996007984031936,False
SOLUSDT,helio_jup_sat_cos,10,vol,2123,0.5669,8.747665677576828e-181,0.000999000999000999,0.001996007984031936,False
SOLUSDT,sim_offset_rate,10,vol,2123,0.5663,2.572180236708688e-180,0.000999000999000999,0.001996007984031936,False
BNBUSDT,sim_offset_rate,10,vol,3132,0.5658,1.3202996886225884e-264,0.000999000999000999,0.001996007984031936,False
BNBUSDT,saturn_helio_lat,10,vol,3132,0.5646,3.1222171695474473e-263,0.000999000999000999,0.001996007984031936,False
SOLUSDT,saturn_helio_lat,10,vol,2123,0.5675,2.726906468285529e-181,0.000999000999000999,0.001996007984031936,False
BNBUSDT,saturn_helio_lat,21,vol,3121,0.6358,0.0,0.000999000999000999,0.001996007984031936,False
SOLUSDT,helio_jup_sat_sep,10,vol,2123,-0.5669,8.747665677576828e-181,0.000999000999000999,0.001996007984031936,False
SOLUSDT,sim_offset_rate,21,vol,2112,0.6426,2.45832998023214e-246,0.000999000999000999,0.001996007984031936,False
SOLUSDT,helio_jup_sat_cos,21,vol,2112,0.6436,2.669300098140457e-247,0.000999000999000999,0.001996007984031936,False
SOLUSDT,helio_jup_sat_sep,21,vol,2112,-0.6436,2.669300098140457e-247,0.000999000999000999,0.001996007984031936,False
SOLUSDT,saturn_helio_lat,21,vol,2112,0.6442,5.718392002080394e-248,0.000999000999000999,0.001996007984031936,False
BNBUSDT,sim_offset_rate,21,vol,3121,0.6364,0.0,0.000999000999000999,0.001996007984031936,False
SOLUSDT,sim_offset_y,10,vol,2123,-0.5592,5.811494494636873e-175,0.001998001998001998,0.001996007984031936,False
SLV,sim_offset_rate,10,vol,2589,-0.4965,3.2677943869405383e-161,0.001998001998001998,0.03792415169660679,False
BTCUSDT,saturn_helio_lat,21,vol,3202,0.5129,2.263970760343457e-214,0.001998001998001998,0.001996007984031936,False
BNBUSDT,sim_offset_y,21,vol,3121,-0.5662,3.6925469617297115e-264,0.002997002997002997,0.001996007984031936,False
SLV,saturn_helio_lat,21,vol,2578,-0.5218,4.705847142631694e-180,0.002997002997002997,0.06986027944111776,False
BTCUSDT,sim_offset_rate,21,vol,3202,0.5114,6.308032928514584e-213,0.002997002997002997,0.001996007984031936,False
SLV,sim_offset_rate,21,vol,2578,-0.5388,4.1191875422739865e-194,0.003996003996003996,0.04790419161676647,False
BNBUSDT,sim_angular_velocity,21,vol,3121,0.5203,4.316992629365364e-216,0.003996003996003996,0.001996007984031936,False
SLV,sim_angular_velocity,21,vol,2578,-0.5052,4.4983624044954065e-167,0.005994005994005994,0.07385229540918163,False
BNBUSDT,sim_offset_y,10,vol,3132,-0.4993,3.775603099793687e-197,0.005994005994005994,0.001996007984031936,False
TLT,sim_offset_x,21,vol,2578,0.6435,2.0241938325205768e-301,0.006993006993006993,0.0718562874251497,False
TLT,sim_offset_x,10,vol,2589,0.572,6.043640984322162e-225,0.006993006993006993,0.09181636726546906,False
TLT,jupiter_helio_lat,21,vol,2578,-0.6461,1.4731710497538006e-304,0.00999000999000999,0.12375249500998003,False
TLT,jupiter_helio_lat,10,vol,2589,-0.5739,1.114005680857467e-226,0.014985014985014986,0.09181636726546906,False
IWM,jupiter_helio_lat,21,vol,2578,-0.5072,1.399934711185172e-168,0.015984015984015984,0.0998003992015968,False
IWM,sim_offset_solar_radii,21,vol,2578,0.4946,3.6908319249763005e-159,0.024975024975024976,0.18562874251497005,False
IWM,sim_offset_x,21,vol,2578,0.5095,2.1505813510320837e-170,0.026973026973026972,0.0998003992015968,False
XLE,sim_offset_solar_radii,21,vol,2578,0.5715,1.7710825772631883e-223,0.04895104895104895,0.13972055888223553,False
XLE,sim_offset_au,21,vol,2578,0.5715,1.7710825772631883e-223,0.052947052947052944,0.11976047904191617,False
XLE,sim_offset_solar_radii,10,vol,2589,0.509,1.1301671397695104e-170,0.056943056943056944,0.1277445109780439,False
XLE,sim_offset_au,10,vol,2589,0.509,1.1301671397695104e-170,0.06393606393606394,0.14770459081836326,False
TLT,sim_offset_au,21,vol,2578,0.5904,4.63821384012537e-242,0.07292707292707293,0.3093812375249501,False
TLT,sim_offset_solar_radii,21,vol,2578,0.5904,4.63821384012537e-242,0.07992007992007992,0.3073852295409182,False
TLT,sim_offset_solar_radii,10,vol,2589,0.524,1.3528297505323456e-182,0.08691308691308691,0.3213572854291417,False
TLT,sim_offset_au,10,vol,2589,0.524,1.3528297505323456e-182,0.08891108891108891,0.2894211576846307,False
ATOMUSDT,helio_jup_sat_sep,21,vol,2582,-0.529,3.381469193611978e-186,0.0899100899100899,0.1497005988023952,False
ATOMUSDT,helio_jup_sat_cos,21,vol,2582,0.529,3.381469193611978e-186,0.0959040959040959,0.13572854291417166,False
